-- Drop tables if they exist (to allow re-running)
DROP TABLE IF EXISTS places;
DROP TABLE IF EXISTS categories;
DROP TABLE IF EXISTS cuisines;
DROP TABLE IF EXISTS areas;

-- Lookup tables
CREATE TABLE categories (
  id   INTEGER PRIMARY KEY,
  name VARCHAR NOT NULL
);

CREATE TABLE cuisines (
  id   INTEGER PRIMARY KEY,
  name VARCHAR NOT NULL
);

CREATE TABLE areas (
  id   INTEGER PRIMARY KEY,
  name VARCHAR NOT NULL
);

-- Main table
CREATE TABLE places (
  id          INTEGER PRIMARY KEY,
  name        VARCHAR NOT NULL,
  description VARCHAR NOT NULL DEFAULT '',
  category_id INTEGER NOT NULL REFERENCES categories(id),
  cuisine_id  INTEGER REFERENCES cuisines(id),
  address     VARCHAR,
  area_id     INTEGER REFERENCES areas(id),
  closed      BOOLEAN NOT NULL DEFAULT false,
  rating      INTEGER CHECK (rating BETWEEN 1 AND 5)
);

-- ── Categories ────────────────────────────────────────────────────────────────
INSERT INTO categories VALUES
  (1,  'Restaurant'),
  (2,  'Bar'),
  (3,  'Coffee Shop'),
  (4,  'Bakery'),
  (5,  'Food Truck'),
  (6,  'Brewery'),
  (7,  'Cocktail Bar'),
  (8,  'Diner'),
  (9,  'Market'),
  (10, 'Shopping'),
  (11, 'Venue'),
  (12, 'Event'),
  (13, 'Hot Springs');

-- ── Cuisines ──────────────────────────────────────────────────────────────────
INSERT INTO cuisines VALUES
  (1,  'American'),
  (2,  'Mexican'),
  (3,  'Italian'),
  (4,  'Asian'),
  (5,  'Mediterranean'),
  (6,  'BBQ'),
  (7,  'Indian'),
  (8,  'Thai'),
  (9,  'Japanese'),
  (10, 'French'),
  (11, 'Eastern European'),
  (12, 'Korean'),
  (13, 'Vietnamese'),
  (14, 'Chinese'),
  (15, 'Cajun');

-- ── Areas ─────────────────────────────────────────────────────────────────────
INSERT INTO areas VALUES
  -- Denver neighborhoods
  (1,  'RiNo'),
  (2,  'Capitol Hill'),
  (3,  'LoDo'),
  (4,  'Highland'),
  (5,  'Washington Park'),
  (6,  'Five Points'),
  (7,  'Baker'),
  (8,  'LoHi'),
  (9,  'Central Park'),
  (10, 'Sloan''s Lake'),
  (11, 'Cherry Creek'),
  (12, 'City Park'),
  (13, 'Cheesman Park'),
  (14, 'Congress Park'),
  (15, 'Curtis Park'),
  (16, 'Cole'),
  (17, 'Whittier'),
  (18, 'Globeville'),
  (19, 'Elyria-Swansea'),
  (20, 'Sunnyside'),
  (21, 'Jefferson Park'),
  (22, 'Edgewater'),
  (23, 'Berkeley'),
  (24, 'Regis'),
  (25, 'West Colfax'),
  (26, 'Villa Park'),
  (27, 'Sun Valley'),
  (28, 'Lincoln Park'),
  (29, 'Golden Triangle'),
  (30, 'Auraria'),
  (31, 'Union Station'),
  (32, 'Ballpark'),
  (33, 'Five Points / Welton'),
  (34, 'North Capitol Hill'),
  (35, 'Country Club'),
  (36, 'Speer'),
  (37, 'Alamo Placita'),
  (38, 'Platt Park'),
  (39, 'Harvard Gulch'),
  (40, 'Rosedale'),
  (41, 'University'),
  (42, 'University Hills'),
  (43, 'Virginia Village'),
  (44, 'South Park Hill'),
  (45, 'Park Hill'),
  (46, 'Montbello'),
  (47, 'Green Valley Ranch'),
  (48, 'Stapleton'),
  (49, 'Northfield'),
  (50, 'Lowry'),
  -- Colorado Springs
  (51, 'Colorado Springs'),
  -- Front Range cities
  (52, 'Boulder'),
  (53, 'Fort Collins'),
  (54, 'Aurora'),
  (55, 'Lakewood'),
  (56, 'Pueblo'),
  (57, 'Loveland'),
  (58, 'Greeley'),
  (59, 'Longmont'),
  (60, 'Arvada'),
  (61, 'Westminster'),
  (62, 'Englewood'),
  (63, 'Littleton'),
  (64, 'Centennial'),
  (65, 'Thornton'),
  (66, 'Northglenn'),
  (67, 'Broomfield'),
  (68, 'Brighton'),
  (69, 'Commerce City'),
  -- Mountain towns
  (70, 'Aspen'),
  (71, 'Vail'),
  (72, 'Breckenridge'),
  (73, 'Steamboat Springs'),
  (74, 'Telluride'),
  (75, 'Estes Park'),
  (76, 'Grand Junction'),
  (77, 'Durango'),
  -- Additional
  (78, 'Golden'),
  (79, 'Idaho Springs');

-- ── Places ───────────────────────────────────────────────────────────────────
-- Rating key: 5 = loved, 4 = really good, 3 = good, 2 = meh, 1 = bad
-- Parsed from personal reviews; duplicates merged (higher rating kept, descriptions combined)
INSERT INTO places VALUES
  (1, 'Huckleberry Coffee', '', 3, NULL, NULL, NULL, false, 3),
  (2, 'Crema Coffee House', '', 3, NULL, NULL, NULL, false, NULL),
  (3, 'Safta', '', 1, 5, NULL, NULL, false, 5),
  (4, 'Smok', '', 1, 6, NULL, NULL, false, 3),
  (5, 'Snooze', 'Breakfast', 8, 1, NULL, NULL, false, 5),
  (6, 'Patxi Pizza', '', 1, 3, NULL, NULL, false, 3),
  (7, 'Improper City', 'Food trucks, beer', 2, NULL, NULL, NULL, false, 3),
  (8, 'Mister Oso', 'A little pricey', 1, NULL, NULL, NULL, false, 3),
  (9, 'For[a]ged', 'Good but pricey', 1, NULL, NULL, NULL, true, 2),
  (10, 'Milk Market', 'Fun', 9, NULL, NULL, NULL, false, NULL),
  (11, 'Kachina', 'By Milk Market', 1, NULL, NULL, 3, false, 5),
  (12, 'Barcelona Wine Bar', '', 2, NULL, NULL, NULL, false, 3),
  (13, 'Habit Donuts', '', 4, NULL, NULL, NULL, false, 3),
  (14, 'Mint Indian', 'Decent', 1, 7, NULL, NULL, false, NULL),
  (15, 'Adelitas', '', 1, 2, NULL, NULL, false, 3),
  (16, 'Aloy Modern Thai', '', 1, 8, NULL, NULL, false, 3),
  (17, 'Sushi-Rama', '', 1, 9, NULL, NULL, true, 3),
  (18, 'Honey', 'Drinks, snacks', 7, NULL, NULL, NULL, false, 5),
  (19, 'Rye Society', 'Reubens, breakfast, lunch', 1, 1, NULL, NULL, false, 3),
  (20, 'Pit Fiend', 'BBQ, sells out. Formerly Owlbear.', 1, 6, NULL, NULL, false, 5),
  (21, 'Shake Shack', '', 1, 1, NULL, NULL, false, 3),
  (22, 'Colorado Sake Co', '', 2, 9, NULL, NULL, false, 4),
  (23, 'Great Divide', '', 6, NULL, NULL, NULL, false, 5),
  (24, 'Sushi Hai', '', 1, 9, NULL, NULL, false, 3),
  (25, 'Osaka Ramen', '', 1, 9, NULL, NULL, true, 5),
  (26, 'Grabowski''s Pizzeria', 'GF, fennel', 1, 3, NULL, NULL, true, 5),
  (27, 'Fish & Beer', 'Get there early', 1, NULL, NULL, NULL, false, 5),
  (28, 'Stowaway Kitchen', 'Great waffles, fresh fruit', 1, NULL, NULL, NULL, false, 3),
  (29, 'Blue Moon Brewery', '', 6, NULL, NULL, NULL, false, 3),
  (30, 'Ophelia''s', 'Reservations recommended. Good venue.', 1, 1, NULL, NULL, false, 5),
  (31, 'Zaika Indian Express', 'Grubhub', 1, 7, NULL, NULL, false, 3),
  (32, 'Snarf''s', '', 1, 1, NULL, NULL, false, 3),
  (33, 'Denver Biscuit Company', '', 8, 1, NULL, NULL, false, 4),
  (34, 'Olive & Finch', 'Sandwiches, salads', 1, NULL, NULL, NULL, false, 4),
  (35, 'Dio Mio', '', 1, 3, NULL, NULL, false, 4),
  (36, 'Molecule Effect', 'Coffee, booze, snacks', 3, NULL, NULL, NULL, false, 3),
  (37, 'Kuma''s Corner', 'Best burgers', 1, 1, NULL, NULL, true, 5),
  (38, 'Bigsby''s Folly', 'Wine, small plates, great crack bacon', 2, NULL, NULL, NULL, false, 3),
  (39, 'Sexy Pizza', '', 1, 3, NULL, NULL, false, 3),
  (40, 'Lustre Pearl', 'Not the iced Irish coffee though. Drinks.', 2, NULL, NULL, NULL, false, 3),
  (41, 'City o City', 'Drinks, vegan food, coffee', 1, 1, NULL, NULL, false, 3),
  (42, 'Agave', '', 1, 2, NULL, NULL, false, 3),
  (43, 'Goldmine Vintage', '', 10, NULL, NULL, NULL, false, 3),
  (44, 'The Wizard''s Chest', 'Big gaming store', 10, NULL, NULL, NULL, false, 4),
  (45, 'Postino', 'Wine, cheese, charcuterie. Dog-friendly patio.', 1, NULL, NULL, NULL, false, 3),
  (46, 'City Bark LoDo', '', 10, NULL, NULL, 3, false, 5),
  (47, 'Linger', 'Brunch, mortuary. OneTable reservations.', 1, NULL, NULL, 8, false, 3),
  (48, 'Little Man Ice Cream', 'Long line', 1, NULL, NULL, 8, false, 3),
  (49, 'Death & Co', 'Fancy drinks, food', 7, NULL, NULL, NULL, false, 3),
  (50, 'Black Shirt Brewing', 'Pizza', 6, NULL, NULL, NULL, false, 4),
  (51, 'Odell', 'Meh beer', 6, NULL, NULL, NULL, false, 2),
  (52, 'Stem Ciders', '', 6, NULL, NULL, NULL, false, 3),
  (53, 'Randy Buzz Session Mead', '', 6, NULL, NULL, 78, false, 3),
  (54, 'Ash''Kara', 'Greek and Phoenician', 1, 5, NULL, NULL, false, 3),
  (55, 'India Oven', '', 1, 7, NULL, NULL, false, 3),
  (56, 'Ratio Beerworks', 'Domestica is good. Dog-friendly, mist in summer, cheap. Order food from Shake Shack or Barcelona. Good music.', 6, NULL, NULL, 1, false, 3),
  (57, 'Mika Sushi', '', 1, 9, NULL, NULL, false, 3),
  (58, 'Uchi', 'Sushi, pricey and you''ll leave hungry', 1, 9, NULL, NULL, false, 2),
  (59, 'Brown Palace', 'Tea and crumpets, delicious dinners, $$$', 1, 1, NULL, NULL, false, 4),
  (60, 'Slater''s 50/50', 'Good burgers and drinks', 1, 1, NULL, NULL, false, 3),
  (61, 'Pho 16th Vietnamese Grill', 'DoorDash. Yummy and inexpensive.', 1, 13, NULL, NULL, false, 3),
  (62, 'Sushi Ronin', 'Overpriced, small portions', 1, 9, NULL, NULL, false, 1),
  (63, 'Lekker Coffee', 'Good chai', 3, NULL, NULL, NULL, true, 5),
  (64, 'Lazy Dog', 'Super dog-friendly restaurant', 1, 1, NULL, NULL, false, 3),
  (65, 'The French Press', 'Good coffee, brunch', 3, NULL, NULL, NULL, false, 3),
  (66, 'Cafe Byblos', 'Greek/Lebanese. DoorDash/Grubhub.', 1, 5, NULL, NULL, false, 3),
  (67, 'Le French', 'Duck', 1, 10, NULL, NULL, false, 3),
  (68, 'Modern Market', 'Grubhub. Soup, sandwiches, salads, grain bowls. Healthy and delicious.', 1, NULL, NULL, NULL, false, 3),
  (69, 'Biker Jim''s Gourmet Dogs', '', 5, 1, NULL, NULL, true, 3),
  (70, 'Temaki Den', 'Sushi, pricey. Hand rolls weren''t rolled, didn''t sit well, not worth it.', 1, 9, NULL, NULL, false, 1),
  (71, 'Kaffe Landskap', '', 3, NULL, NULL, NULL, false, 3),
  (72, 'What the Pho', 'Grubhub', 1, 13, NULL, NULL, false, 3),
  (73, 'Il Posto', 'Try the Cabin in the Woods drink. Excellent cocktails and wine, charcuterie. $. Tuesday is less busy.', 1, 3, NULL, NULL, false, 3),
  (74, 'Grind', 'Great fried chicken', 1, 1, NULL, 11, true, 3),
  (75, 'Tap & Handle', '', 2, NULL, NULL, 53, false, 3),
  (76, 'Locust Cider', '', 6, NULL, NULL, 53, false, 3),
  (77, 'Red Square Euro Bistro', 'Russian food and vodka. Try the Jewel vodka, the honey dessert, and the borscht.', 1, 11, NULL, NULL, false, 5),
  (78, 'Mutiny Comics Coffee', '', 3, NULL, NULL, NULL, false, 3),
  (79, 'The Block Distilling Co', '', 2, NULL, NULL, NULL, false, 3),
  (80, 'Spice Room', 'Indian. Nice lunch specials, complimentary papadums.', 1, 7, NULL, NULL, false, 4),
  (81, 'Port Side', 'Coffee, drinks, brunch, snacks (outside). Nice, inexpensive.', 3, NULL, NULL, NULL, false, 5),
  (82, 'Disguises', 'Costume store, great service', 10, NULL, NULL, 55, false, 5),
  (83, 'Number Thirty-eight', 'Drinks, food, live music, dog-friendly. Reservations.', 2, NULL, NULL, NULL, false, 3),
  (84, 'Larimer Lounge', 'Strong drinks', 11, NULL, NULL, NULL, false, 3),
  (85, 'Himchuli', '', 1, 7, NULL, NULL, false, 3),
  (86, 'Crown of India', '', 1, 7, NULL, NULL, false, 4),
  (87, 'The Walnut Room', 'Best Reubens, drinks with fresh ingredients, dog patio', 2, NULL, NULL, NULL, false, 3),
  (88, 'Earls On Top', 'Seafood, brunch', 1, NULL, NULL, NULL, false, 3),
  (89, 'Millers & Rossi', 'Fresh ingredient cocktails', 7, NULL, NULL, NULL, false, 3),
  (90, 'Marczyk Fine Foods', 'Grocery', 9, NULL, NULL, NULL, false, 4),
  (91, 'FashioNation', 'Boots, goth/punk, authentic', 10, NULL, NULL, NULL, false, 3),
  (92, 'Yahya''s Mediterranean Grill', 'Turkish coffee', 1, 5, NULL, NULL, false, 5),
  (93, 'Ted''s Montana Grill', 'Good bison at reasonable prices but slow service and a bit country', 1, 1, NULL, 3, false, 2),
  (94, 'Herman''s Hideaway', 'Nice small music venue', 11, NULL, NULL, NULL, false, 3),
  (95, 'Adrift', 'Tiki bar. Reservations suggested, sit indoors, stick to frozen drinks.', 2, NULL, NULL, NULL, false, 2),
  (96, 'Ali Baba Grill', 'Turkish coffee, lunch specials, good gyros. Yahya''s is better overall.', 1, 5, NULL, NULL, false, 3),
  (97, 'Citron Bistro', 'Greek. Great service, reasonable prices, not pretentious, good food, gluten-free options.', 1, 5, NULL, NULL, false, 3),
  (98, 'Meadowlark', 'Speakeasy', 7, NULL, NULL, NULL, false, 3),
  (99, 'Blue Agave', 'Good margaritas', 2, 2, NULL, NULL, false, 3),
  (100, 'Clocktower Cabaret', '', 11, NULL, NULL, NULL, false, 5),
  (101, 'Mono Mono', 'Korean fried chicken', 1, 12, NULL, NULL, false, 2),
  (102, 'Lea Jane''s Hot Chicken', 'Bring wet wipes', 1, 1, NULL, NULL, false, 3),
  (103, 'Dochi', '', 1, 9, NULL, NULL, false, 3),
  (104, 'OMF', 'Sours', 6, NULL, NULL, NULL, false, 3),
  (105, 'So RADish', '', 1, NULL, NULL, NULL, false, 3),
  (106, 'Rare Finds', 'Nice antiques, imported furniture, reasonably priced', 10, NULL, NULL, NULL, false, 3),
  (107, 'Motomaki', '', 1, 9, NULL, NULL, false, 3),
  (108, 'Wild Corgi Pub', 'Good food, super friendly', 2, NULL, NULL, NULL, false, 5),
  (109, 'Tupelo Honey', 'Good southern brunch. Chicken and waffles.', 1, 1, NULL, NULL, false, 3),
  (110, 'Office Furniture EZ', 'Great refurbished office supply', 10, NULL, NULL, NULL, false, 3),
  (111, 'Cherry Cricket', 'Burgers', 1, 1, NULL, NULL, false, 5),
  (112, 'Thai Monkey Club', 'Good prices', 1, 8, NULL, NULL, false, 3),
  (113, 'Arvada Army Navy Surplus', '', 10, NULL, NULL, 60, false, 3),
  (114, 'Rheinlander Bakery', '', 4, NULL, NULL, NULL, false, 3),
  (115, 'Indian Springs', 'Hot springs. Decent but not great for shared pool. Not very hot nor many minerals or amenities.', 13, NULL, NULL, 79, false, 2),
  (116, 'Mile High Flea Market', 'Cash only mostly. Bargains, mostly resale.', 9, NULL, NULL, 69, false, 2),
  (117, 'Butcher Block Cafe', 'Old school diner. Friendly, fast, reasonable prices, decent food. Maybe try for breakfast.', 8, 1, NULL, NULL, false, 3),
  (118, 'Bellota at the Source', 'Tacos at reasonable prices, good service, EPIC churros', 1, 2, NULL, 1, false, 3),
  (119, 'Deviation Distilling', 'Tasty whiskey, talented bartenders', 2, NULL, NULL, NULL, false, 3),
  (120, 'Sir', 'Good cocktails. Try the espresso martini.', 7, NULL, NULL, NULL, false, 3),
  (121, 'Russian Books', '', 10, NULL, NULL, NULL, false, 5),
  (122, 'Il Porcellino', 'Deli with meat, soup, sandwiches. Busy, small, may take some time.', 9, NULL, NULL, NULL, false, 3),
  (123, 'Denver Cat Company', 'Cat cafe with adoption. Varies based on cat population.', 3, NULL, NULL, NULL, false, 3),
  (124, 'Masha and the Bear', '', 1, 11, NULL, NULL, false, 4),
  (125, 'Nola Jane', 'Hurricanes, good Cajun food, ghost', 2, 15, NULL, NULL, false, 3),
  (126, 'Oskar Blues', 'Don''t get the pretzels', 6, NULL, NULL, NULL, false, 2),
  (127, 'Corridor 44', 'Fancy', 7, NULL, NULL, NULL, false, 3),
  (128, 'Colorado Cherry Co', 'Pie, drinks', 1, NULL, NULL, NULL, false, 2),
  (129, 'Christkindlmarket', '', 12, NULL, NULL, NULL, false, 3),
  (130, 'The Bronze Empire', 'Chinese hot pots cooked at your table. Try the fried ice cream dessert.', 1, 14, NULL, NULL, false, 4),
  (131, 'Revolte Goods', 'Alternative', 10, NULL, NULL, NULL, false, 5),
  (132, 'The Crypt', 'Fun goth/metal bar', 2, NULL, NULL, NULL, false, 3),
  (133, 'School House', 'Good weekend brunch, drinks, dog-friendly patio', 1, NULL, NULL, 60, false, 3),
  (134, 'Bacon Social House', 'Breakfast, brunch, drinks, dog-friendly patio. Bloody Marys.', 1, 1, NULL, 7, false, 3),
  (135, 'The Odditorium', '', 2, NULL, NULL, NULL, false, 3),
  (136, 'Cafe Miriam', 'Coffee, pastries, brunch. Good chai, great pastries. Outdoor patio (dog-friendly). Closed Mondays.', 3, NULL, NULL, NULL, false, 4),
  (137, 'Javier''s Diner', 'Excellent Mexican, super friendly, reasonable', 8, 2, NULL, NULL, false, 4),
  (138, 'Locavore', 'Cool food hall and grocery', 9, NULL, NULL, NULL, false, 3),
  (139, 'Fox Run Cafe', 'Breakfast, good coffee, alcoholic drinks. Friendly, small dog-friendly patio. Reasonable prices. Get there by 11 for breakfast burrito.', 3, NULL, NULL, NULL, true, 3),
  (140, 'Ace Hardware on E 12th', '', 10, NULL, NULL, NULL, false, 3),
  (141, 'Hooked on Colfax', 'Coffee', 3, NULL, NULL, 2, false, 5),
  (142, 'Annie''s Cafe and Bar', 'Breakfast, dog-friendly patio', 1, NULL, NULL, NULL, true, 3),
  (143, 'Sprouts', 'Grocery. Nice deli (deli closes before store).', 9, NULL, NULL, NULL, false, 3),
  (144, 'Lula Rose General Store', 'Coffee, breakfast (good burritos), plants, good dirty chai', 9, NULL, NULL, NULL, false, 2),
  (145, 'Good Times', 'Shakes, custard, burgers. Paw Bender for dogs. Drive-through.', 1, 1, NULL, NULL, false, 3),
  (146, 'Chocolate Lab', 'Delicious chocolate drinks, but bartender is unfriendly', 2, NULL, NULL, NULL, false, 1),
  (147, 'The Learned Lemur', 'Oddities', 10, NULL, NULL, NULL, false, 5),
  (148, 'Trattoria Stella', 'Dog-friendly patio. Delicious weekend brunch after 10. Reasonable prices for Denver. Can bring coffee from Hooked on Colfax.', 1, 3, NULL, NULL, false, 5),
  (149, 'Fat Sully''s', 'Pizza, pricey, just ok (GF reviewed)', 1, 3, NULL, NULL, false, 2),
  (150, 'Saucy Bombay', 'Very reasonable prices, can taste sauces. SUPER fresh naan.', 1, 7, NULL, NULL, true, 3),
  (151, 'Mezcal', 'Excellent mezcal margarita, fresh chips', 1, 2, NULL, NULL, false, 5),
  (152, 'Zorba''s', 'Greek food, breakfast. Real Irish coffees. Dog-friendly patio. Baked goods. 41 years in business.', 1, 5, NULL, NULL, false, 3),
  (153, 'Enzo''s Pizza', 'GREAT thin crust pizza. Closed Mon/Tue. Recommend take-out.', 1, 3, NULL, NULL, false, 4),
  (154, 'Tommy''s Thai', 'Nice menu, lunch specials, reasonable prices. Best Thai in Denver. Great service.', 1, 8, NULL, NULL, false, 5),
  (155, 'Sweet Cooie''s Ice Cream', '', 1, NULL, NULL, NULL, false, 3),
  (156, 'Smith & Canon', 'Ice cream, coffee, affogatos', 3, NULL, NULL, NULL, false, 5),
  (157, 'Rustic Barcelona', 'Antiques', 10, NULL, NULL, NULL, false, 2),
  (158, 'Blue Pan Pizza', 'Pizza', 1, 3, NULL, NULL, false, 5),
  (159, '7 Leguas', 'Wide selection. Margaritas not epic.', 1, 2, NULL, NULL, false, 3),
  (160, 'Q House', 'Odd hours, a little pricey, good service, tasty food, good cocktails', 1, 4, NULL, NULL, false, 3),
  (161, 'Bastien''s', 'Sugar steaks, sugar burgers. Good drinks and appetizers. Pricey but worth it. Reservations recommended.', 1, 1, NULL, NULL, false, 4),
  (162, 'Under the Umbrella', 'Coffee', 3, NULL, NULL, NULL, false, 4),
  (163, 'Goosetown Tavern', 'Sandwiches, beer, mixed drinks. Sometimes live music. Limited food selection.', 2, NULL, NULL, NULL, false, 3),
  (164, 'The Watering Bowl', 'Off-leash dog area, bar, indoor miniature golf', 2, NULL, NULL, NULL, false, 3),
  (165, 'Sienna Wine Bar', 'Champagne flights, great cheese plates', 2, NULL, NULL, NULL, false, 3),
  (166, 'Pho & Bar', 'Grubhub', 1, 13, NULL, NULL, false, 3),
  (167, 'Cafe de France', 'Only tried on Grubhub but good for brunch', 1, 10, NULL, NULL, false, 4),
  (168, 'GB Fish & Chips', 'Really nice and fun, kinda punk', 1, NULL, NULL, 2, false, 3),
  (169, 'H&E Used Furniture', 'FAR better deals than similar stores, without sacrificing quality. Clean and friendly. Say hi to Sammy the dog.', 10, NULL, NULL, NULL, false, 4),
  (170, 'Taste of India', 'Russian market in same parking lot', 1, 7, NULL, NULL, false, 4),
  (171, 'Molotov Kitschen', 'GREAT Ukrainian food and drinks. Expensive but worth it. Try the elk. Save room for dessert. Reservations recommended.', 1, 11, NULL, NULL, false, 5),
  (172, 'Nuggs Ice Cream', '', 1, NULL, NULL, NULL, false, 3),
  (173, 'North Italia', 'Reservation recommended', 1, 3, NULL, NULL, false, 4),
  (174, 'Mizuna', '$$$$', 1, NULL, NULL, NULL, false, 4),
  (175, 'Cerebral Brewing', '', 6, NULL, NULL, NULL, false, 3),
  (176, 'Heaven Ice Cream', '', 1, NULL, NULL, 3, false, 4),
  (177, 'Foolish Craig''s', '', 1, NULL, NULL, 52, false, 3),
  (178, 'Champagne Tiger', 'Formerly Tom''s Starlight. Food, brunch, cocktails, retro atmosphere.', 1, NULL, NULL, NULL, false, 4),
  (179, 'Radical Sasquatch', 'Food truck, dumplings', 5, 4, NULL, NULL, false, 3),
  (180, 'Menya Ramen', 'Delivery, but pretty poor', 1, 9, NULL, NULL, false, 1),
  (181, 'Go Fish Sushi', '', 1, 9, NULL, NULL, false, 3),
  (182, 'Cohesion Brewing', 'Good darks. Dog-friendly patio. Friendly.', 6, NULL, NULL, NULL, false, 3),
  (183, 'Smashburger', '', 1, 1, NULL, NULL, false, 3),
  (184, 'Yianni''s Gyros Place', 'Reasonable, friendly, good. Crispy fries don''t get soggy.', 1, 5, NULL, NULL, false, 3),
  (185, 'Chubby Cattle', 'Good but $$$ and too much food. No reservations.', 1, 4, NULL, NULL, false, 2),
  (186, 'Crab & Shell Cajun Seafood', 'Crab boil', 1, 15, NULL, NULL, false, 3),
  (187, 'Jets Pizza', 'Pricey and not great', 1, 3, NULL, NULL, false, 1),
  (188, 'Hacienda', '', 1, 2, NULL, NULL, false, 3),
  (189, 'Daughter Thai', '', 1, 8, NULL, NULL, false, 4),
  (190, 'Jelly', 'Breakfast, donut bites. Popular, online waiting list. Pancakes, specials, gluten-free options.', 1, 1, NULL, NULL, false, 4),
  (191, 'Enstrom', 'Coffee, tea, chocolate, affogato', 3, NULL, NULL, NULL, false, 3),
  (192, 'Gattara Pizza', '', 1, 3, NULL, NULL, false, 4),
  (193, 'The Abbey Tavern', 'Irish weekend brunch. Dark and cool. Try Irish breakfast.', 2, NULL, NULL, NULL, false, 5),
  (194, 'Mizuumi Ramen & Sushi', '', 1, 9, NULL, NULL, false, 3),
  (195, 'Maria Empanada', '', 1, 2, NULL, NULL, false, 3),
  (196, 'Garnish', 'Indian fusion', 1, 7, NULL, NULL, false, 3),
  (197, 'Nana''s Dim Sum', 'Try the boba', 1, 14, NULL, NULL, false, 4),
  (198, 'Park Hill Art Festival', '', 12, NULL, NULL, 45, false, 3),
  (199, 'Bon Ami', '', 1, 10, NULL, NULL, false, 3),
  (200, 'Bamboo Sushi', '$$$', 1, 9, NULL, NULL, false, 3),
  (201, 'Briar Patch', 'Food, microbrew beer, drinks. Dog porch. Try French toast or Reuben.', 1, 1, NULL, NULL, false, 4),
  (202, 'Yard House', 'Wide variety, good, by Paramount. Reasonable.', 1, NULL, NULL, 3, false, 3),
  (203, 'Corner Office', 'Decent. Good drinks, nice decor.', 2, NULL, NULL, NULL, false, 3),
  (204, 'Japon', 'Sushi, ramen', 1, 9, NULL, 2, false, 4),
  (205, 'Sukiya Ramen', 'Only tried DoorDash but some of the best udon I have had', 1, 9, NULL, NULL, false, 5),
  (206, 'YP Hello Asian Grill', 'Delivery. Consistent, huge portions.', 1, 4, NULL, NULL, false, 5);
